<?xml version="1.0" encoding="UTF-8"?>
<beans xmlns="http://www.springframework.org/schema/beans"
	xmlns:xsi="http://www.w3.org/2001/XMLSchema-instance"
	xmlns:util="http://www.springframework.org/schema/util"
	xmlns:p="http://www.springframework.org/schema/p"
	xsi:schemaLocation="
		http://www.springframework.org/schema/beans http://www.springframework.org/schema/beans/spring-beans-2.5.xsd
		http://www.springframework.org/schema/util http://www.springframework.org/schema/util/spring-util-2.0.xsd">

<!-- 
<bean id="loggerService" class="gflogger.disruptor.DLoggerServiceImpl"> 
-->
<!--	
<bean id="loggerService" class="gflogger.base.DefaultLoggerServiceImpl"> 
-->
	<bean id="loggerService" class="gflogger.base.DefaultLoggerServiceImpl">
		<!-- count a number of items in the ring -->
		<constructor-arg index="0" value="1024"/>
		<!-- maxMessageSize max message size in the ring 
			(in bytes in case single-byte mode, otherwise in chars) 
		-->
		<constructor-arg index="1" value="4096"/>
		<!-- appender factories -->
		<constructor-arg index="2">
			<list>
				<bean class="gflogger.appender.ConsoleAppenderFactory"
					p:layoutPattern="%d{HH:mm:ss,SSS zzz} %p %m [%c{2}] [%t]%n"
					p:timeZoneId="GMT"
					p:logLevel="INFO"/>
				<bean class="gflogger.appender.DailyRollingFileAppenderFactory"
					p:timeZoneId="GMT"
					p:append="false"
					p:immediateFlush="false"
					p:logLevel="INFO"
					p:fileName="logs/logger.log"
					p:layoutPattern="%d{HH:mm:ss,SSS zzz} %p %m [%c{2}] [%t]%n"
					p:datePattern="'.'yyyy-MM-dd"/>
			</list>
		</constructor-arg>
	</bean>

	<bean class="gflogger.LogFactory" factory-method="init" destroy-method="stop">
		<constructor-arg>
			<map>
				<entry>
					<key><null/></key>
					<bean class="gflogger.LoggerServiceView">
						<constructor-arg ref="loggerService"/>
						<constructor-arg value="WARN"/>
					</bean>
				</entry>
				<entry key="com.db">
					<bean class="gflogger.LoggerServiceView">
						<constructor-arg ref="loggerService"/>
						<constructor-arg value="INFO"/>
					</bean>
				</entry>
			</map>
		</constructor-arg>
	</bean>

</beans>